--
-- PostgreSQL database dump
--

-- Dumped from database version 16.4 (Debian 16.4-1.pgdg110+2)
-- Dumped by pg_dump version 16.4 (Debian 16.4-1.pgdg110+2)

SET statement_timeout = 0;
SET lock_timeout = 0;
SET idle_in_transaction_session_timeout = 0;
SET client_encoding = 'UTF8';
SET standard_conforming_strings = on;
SELECT pg_catalog.set_config('search_path', '', false);
SET check_function_bodies = false;
SET xmloption = content;
SET client_min_messages = warning;
SET row_security = off;

DROP DATABASE IF EXISTS gis;
--
-- Name: gis; Type: DATABASE; Schema: -; Owner: -
--

CREATE DATABASE gis WITH TEMPLATE = template0 ENCODING = 'UTF8' LOCALE_PROVIDER = libc LOCALE = 'en_US.utf8';


\connect gis

SET statement_timeout = 0;
SET lock_timeout = 0;
SET idle_in_transaction_session_timeout = 0;
SET client_encoding = 'UTF8';
SET standard_conforming_strings = on;
SELECT pg_catalog.set_config('search_path', '', false);
SET check_function_bodies = false;
SET xmloption = content;
SET client_min_messages = warning;
SET row_security = off;

--
-- Name: ogr_system_tables; Type: SCHEMA; Schema: -; Owner: -
--

CREATE SCHEMA ogr_system_tables;


--
-- Name: postgis; Type: EXTENSION; Schema: -; Owner: -
--

CREATE EXTENSION IF NOT EXISTS postgis WITH SCHEMA public;


--
-- Name: EXTENSION postgis; Type: COMMENT; Schema: -; Owner: -
--

COMMENT ON EXTENSION postgis IS 'PostGIS geometry and geography spatial types and functions';


--
-- Name: event_trigger_function_for_metadata(); Type: FUNCTION; Schema: ogr_system_tables; Owner: -
--

CREATE FUNCTION ogr_system_tables.event_trigger_function_for_metadata() RETURNS event_trigger
    LANGUAGE plpgsql
    AS $$
DECLARE
    obj record;
BEGIN
  IF has_schema_privilege('ogr_system_tables', 'USAGE') THEN
   IF has_table_privilege('ogr_system_tables.metadata', 'DELETE') THEN
    FOR obj IN SELECT * FROM pg_event_trigger_dropped_objects()
    LOOP
        IF obj.object_type = 'table' THEN
            DELETE FROM ogr_system_tables.metadata m WHERE m.schema_name = obj.schema_name AND m.table_name = obj.object_name;
        END IF;
    END LOOP;
   END IF;
  END IF;
END;
$$;


SET default_tablespace = '';

SET default_table_access_method = heap;

--
-- Name: metadata; Type: TABLE; Schema: ogr_system_tables; Owner: -
--

CREATE TABLE ogr_system_tables.metadata (
    id integer NOT NULL,
    schema_name text NOT NULL,
    table_name text NOT NULL,
    metadata text
);


--
-- Name: metadata_id_seq; Type: SEQUENCE; Schema: ogr_system_tables; Owner: -
--

CREATE SEQUENCE ogr_system_tables.metadata_id_seq
    AS integer
    START WITH 1
    INCREMENT BY 1
    NO MINVALUE
    NO MAXVALUE
    CACHE 1;


--
-- Name: metadata_id_seq; Type: SEQUENCE OWNED BY; Schema: ogr_system_tables; Owner: -
--

ALTER SEQUENCE ogr_system_tables.metadata_id_seq OWNED BY ogr_system_tables.metadata.id;


--
-- Name: buildings; Type: TABLE; Schema: public; Owner: -
--

CREATE TABLE public.buildings (
    ogc_fid integer NOT NULL,
    geom public.geometry(Geometry,4326),
    "timestamp" timestamp with time zone,
    version character varying,
    changeset character varying,
    "user" character varying,
    uid character varying,
    "addr:district" character varying,
    "addr:housenumber" character varying,
    "addr:place" character varying,
    "addr:postcode" character varying,
    "addr:street" character varying,
    building character varying,
    "building:levels" character varying,
    capacity character varying,
    highway character varying,
    landuse character varying,
    name character varying,
    source character varying,
    tracktype character varying,
    trees character varying,
    id character varying
);


--
-- Name: buildings_ogc_fid_seq; Type: SEQUENCE; Schema: public; Owner: -
--

CREATE SEQUENCE public.buildings_ogc_fid_seq
    AS integer
    START WITH 1
    INCREMENT BY 1
    NO MINVALUE
    NO MAXVALUE
    CACHE 1;


--
-- Name: buildings_ogc_fid_seq; Type: SEQUENCE OWNED BY; Schema: public; Owner: -
--

ALTER SEQUENCE public.buildings_ogc_fid_seq OWNED BY public.buildings.ogc_fid;


--
-- Name: roads; Type: TABLE; Schema: public; Owner: -
--

CREATE TABLE public.roads (
    uid character varying,
    highway character varying,
    name character varying,
    source character varying,
    tracktype character varying,
    geom public.geometry(Geometry,4326),
    id integer NOT NULL
);


--
-- Name: roads_id_seq; Type: SEQUENCE; Schema: public; Owner: -
--

CREATE SEQUENCE public.roads_id_seq
    AS integer
    START WITH 1
    INCREMENT BY 1
    NO MINVALUE
    NO MAXVALUE
    CACHE 1;


--
-- Name: roads_id_seq; Type: SEQUENCE OWNED BY; Schema: public; Owner: -
--

ALTER SEQUENCE public.roads_id_seq OWNED BY public.roads.id;


--
-- Name: tmp_layer; Type: TABLE; Schema: public; Owner: -
--

CREATE TABLE public.tmp_layer (
    ogc_fid integer NOT NULL,
    wkb_geometry bytea,
    "timestamp" timestamp with time zone,
    version character varying,
    changeset character varying,
    "user" character varying,
    uid character varying,
    "addr:district" character varying,
    "addr:housenumber" character varying,
    "addr:place" character varying,
    "addr:postcode" character varying,
    "addr:street" character varying,
    building character varying,
    "building:levels" character varying,
    capacity character varying,
    highway character varying,
    landuse character varying,
    name character varying,
    source character varying,
    tracktype character varying,
    trees character varying,
    id character varying
);


--
-- Name: tmp_layer_ogc_fid_seq; Type: SEQUENCE; Schema: public; Owner: -
--

CREATE SEQUENCE public.tmp_layer_ogc_fid_seq
    AS integer
    START WITH 1
    INCREMENT BY 1
    NO MINVALUE
    NO MAXVALUE
    CACHE 1;


--
-- Name: tmp_layer_ogc_fid_seq; Type: SEQUENCE OWNED BY; Schema: public; Owner: -
--

ALTER SEQUENCE public.tmp_layer_ogc_fid_seq OWNED BY public.tmp_layer.ogc_fid;


--
-- Name: vegetation; Type: TABLE; Schema: public; Owner: -
--

CREATE TABLE public.vegetation (
    uid character varying,
    name character varying,
    landuse character varying,
    trees character varying,
    source character varying,
    geom public.geometry(Geometry,4326),
    id integer NOT NULL
);


--
-- Name: vegetation_id_seq; Type: SEQUENCE; Schema: public; Owner: -
--

CREATE SEQUENCE public.vegetation_id_seq
    AS integer
    START WITH 1
    INCREMENT BY 1
    NO MINVALUE
    NO MAXVALUE
    CACHE 1;


--
-- Name: vegetation_id_seq; Type: SEQUENCE OWNED BY; Schema: public; Owner: -
--

ALTER SEQUENCE public.vegetation_id_seq OWNED BY public.vegetation.id;


--
-- Name: metadata id; Type: DEFAULT; Schema: ogr_system_tables; Owner: -
--

ALTER TABLE ONLY ogr_system_tables.metadata ALTER COLUMN id SET DEFAULT nextval('ogr_system_tables.metadata_id_seq'::regclass);


--
-- Name: buildings ogc_fid; Type: DEFAULT; Schema: public; Owner: -
--

ALTER TABLE ONLY public.buildings ALTER COLUMN ogc_fid SET DEFAULT nextval('public.buildings_ogc_fid_seq'::regclass);


--
-- Name: roads id; Type: DEFAULT; Schema: public; Owner: -
--

ALTER TABLE ONLY public.roads ALTER COLUMN id SET DEFAULT nextval('public.roads_id_seq'::regclass);


--
-- Name: tmp_layer ogc_fid; Type: DEFAULT; Schema: public; Owner: -
--

ALTER TABLE ONLY public.tmp_layer ALTER COLUMN ogc_fid SET DEFAULT nextval('public.tmp_layer_ogc_fid_seq'::regclass);


--
-- Name: vegetation id; Type: DEFAULT; Schema: public; Owner: -
--

ALTER TABLE ONLY public.vegetation ALTER COLUMN id SET DEFAULT nextval('public.vegetation_id_seq'::regclass);


--
-- Data for Name: metadata; Type: TABLE DATA; Schema: ogr_system_tables; Owner: -
--

INSERT INTO ogr_system_tables.metadata VALUES (1, 'public', 'tmp_layer', '<GDALMetadata>
  <Metadata domain="NATIVE_DATA">
    <MDI key="NATIVE_DATA">{ }</MDI>
    <MDI key="NATIVE_MEDIA_TYPE">application/vnd.geo+json</MDI>
  </Metadata>
</GDALMetadata>
');
INSERT INTO ogr_system_tables.metadata VALUES (2, 'public', 'buildings', '<GDALMetadata>
  <Metadata domain="NATIVE_DATA">
    <MDI key="NATIVE_DATA">{ }</MDI>
    <MDI key="NATIVE_MEDIA_TYPE">application/vnd.geo+json</MDI>
  </Metadata>
</GDALMetadata>
');


--
-- Data for Name: buildings; Type: TABLE DATA; Schema: public; Owner: -
--

INSERT INTO public.buildings VALUES (3, '0106000020E61000000100000001030000000100000005000000E0F2583332204940883B2872D2B84A40EBF0C63835204940FAE29C22D1B84A40F6ACB54137204940530EC1CCD2B84A40EBAE473C34204940E1664C1CD4B84A40E0F2583332204940883B2872D2B84A40', '2026-02-26 19:20:44+00', '5', '179100634', 'Gironape', '23837831', 'Красноярский район', '55', 'СТ Сокские Зори', '446368', '4-й Массив', 'yes', '2', NULL, NULL, NULL, NULL, NULL, NULL, NULL, 'way/1479815538');
INSERT INTO public.buildings VALUES (4, '0106000020E61000000100000001030000000100000005000000F9653046242049400D93043CC4B84A40F7F763A4282049401FA80991C2B84A4025146C6D2B204940425E0F26C5B84A40BC410F1027204940C408E1D1C6B84A40F9653046242049400D93043CC4B84A40', '2026-02-26 19:20:44+00', '5', '179100634', 'Gironape', '23837831', 'Красноярский район', '57', 'СТ Сокские Зори', '446368', '4-й Массив', 'house', '2', NULL, NULL, NULL, NULL, NULL, NULL, NULL, 'way/1479815539');
INSERT INTO public.buildings VALUES (5, '0106000020E61000000100000001030000000100000007000000B19CCE5F32204940C7061C53C1B84A406E8D637F34204940A97DDF64C0B84A40143C2AA336204940A3A0CA1FC2B84A4045285BC93320494025C1655FC3B84A400A2A4FC53220494037EAD78CC2B84A40868DB27E33204940D252793BC2B84A40B19CCE5F32204940C7061C53C1B84A40', '2026-02-26 19:20:44+00', '5', '179100634', 'Gironape', '23837831', 'Красноярский район', '30', 'СТ Сокские Зори', '446368', '4-й Массив', 'house', '2', NULL, NULL, NULL, NULL, NULL, NULL, NULL, 'way/1479815540');
INSERT INTO public.buildings VALUES (6, '0106000020E610000001000000010300000001000000050000007E761B2F3820494000B10001C6B84A40D03AF4273B20494078B988EFC4B84A40938C9C853D20494029CE5147C7B84A40AC08ED8B3A2049401C06F357C8B84A407E761B2F3820494000B10001C6B84A40', '2026-02-26 19:20:44+00', '5', '179100634', 'Gironape', '23837831', 'Красноярский район', '4/28', 'СТ Сокские Зори', '446368', '4-й Массив', 'house', '1', NULL, NULL, NULL, NULL, NULL, NULL, NULL, 'way/1479815541');
INSERT INTO public.buildings VALUES (7, '0106000020E6100000010000000103000000010000000500000061DCB2E842204940489A8933D0B84A407D03931B452049407EE19524CFB84A40CA52EBFD4620494000304388D0B84A40AD2B0BCB44204940CAE83697D1B84A4061DCB2E842204940489A8933D0B84A40', '2026-02-26 19:20:44+00', '5', '179100634', 'Gironape', '23837831', 'Красноярский район', '26', 'СТ Сокские Зори', '446368', '4-й Массив', 'yes', '1', NULL, NULL, NULL, NULL, NULL, NULL, NULL, 'way/1479815542');
INSERT INTO public.buildings VALUES (8, '0106000020E610000001000000010300000001000000070000000D03F11538204940DBCB6C46BCB84A4006CAB788392049402F127FB9BBB84A401997056E3820494035D5EEB2BAB84A40BE17BA6D3A204940BF767AEFB9B84A402EF53D343D2049404C6DA983BCB84A408FADC2C1392049406F850BD4BDB84A400D03F11538204940DBCB6C46BCB84A40', '2026-02-26 19:20:44+00', '5', '179100634', 'Gironape', '23837831', 'Красноярский район', '33', 'СТ Сокские Зори', '446368', '4-й Массив', 'house', '2', NULL, NULL, NULL, NULL, NULL, NULL, NULL, 'way/1479815543');
INSERT INTO public.buildings VALUES (10, '0106000020E610000001000000010300000001000000050000007A5803EF3F20494073309B00C3B84A40D8E43AD741204940EA944737C2B84A40DEE3F159432049404F6E2585C3B84A407F57BA7141204940424AA24DC4B84A407A5803EF3F20494073309B00C3B84A40', '2026-02-26 19:20:44+00', '5', '179100634', 'Gironape', '23837831', 'Красноярский район', '31', 'СТ Сокские Зори', '446368', '4-й Массив', 'house', '1', NULL, NULL, NULL, NULL, NULL, NULL, NULL, 'way/1479815545');
INSERT INTO public.buildings VALUES (12, '0106000020E61000000100000001030000000100000005000000651DE9674520494011BA956FC7B84A407CC9101148204940ACE0B721C6B84A40BC22F8DF4A20494023DDCF29C8B84A40A576D0364820494087B6AD77C9B84A40651DE9674520494011BA956FC7B84A40', '2026-02-26 19:20:44+00', '5', '179100634', 'Gironape', '23837831', 'Красноярский район', '29', 'СТ Сокские Зори', '446368', '4-й Массив', 'house', '2', NULL, NULL, NULL, NULL, NULL, NULL, NULL, 'way/1479815547');
INSERT INTO public.buildings VALUES (13, '0106000020E61000000100000001030000000100000005000000750069A44A204940FDC63258CCB84A401434773E4D204940575AEB30CBB84A4096687F564F204940D904BDDCCCB84A40F73471BC4C2049407F710404CEB84A40750069A44A204940FDC63258CCB84A40', '2026-02-26 19:20:44+00', '5', '179100634', 'Gironape', '23837831', 'Красноярский район', '27', 'СТ Сокские Зори', '446368', '4-й Массив', 'house', '1', NULL, NULL, NULL, NULL, NULL, NULL, NULL, 'way/1479815548');
INSERT INTO public.buildings VALUES (14, '0106000020E61000000100000001030000000100000005000000775D09EE512049404E57C1B9D0B84A40F8776CBA54204940F587C157CFB84A40F1248EE15620494060C2B2E3D0B84A40700A2B1554204940B891B245D2B84A40775D09EE512049404E57C1B9D0B84A40', '2026-02-26 19:20:44+00', '5', '179100634', 'Gironape', '23837831', 'Красноярский район', '25', 'СТ Сокские Зори', '446368', '4-й Массив', 'house', '1', NULL, NULL, NULL, NULL, NULL, NULL, NULL, 'way/1479815549');
INSERT INTO public.buildings VALUES (15, '0106000020E610000001000000010300000001000000050000001BE3795F4B2049406E5D7BB0D6B84A40AEDE97E94D20494075F2D885D5B84A40F55613FA4F20494098665F1ED7B84A40615BF56F4D20494091D10149D8B84A401BE3795F4B2049406E5D7BB0D6B84A40', '2026-02-26 19:20:44+00', '5', '179100634', 'Gironape', '23837831', 'Красноярский район', '22', 'СТ Сокские Зори', '446368', '4-й Массив', 'house', '2', NULL, NULL, NULL, NULL, NULL, NULL, NULL, 'way/1479815550');
INSERT INTO public.buildings VALUES (9, '0106000020E61000000100000001030000000100000005000000C56460D339204940FEC9294BBEB84A406556EF703B2049405D1A1AAABDB84A40C9B9032B3D204940DA91EA3BBFB84A40BE874B8E3B2049407A41FADCBFB84A40C56460D339204940FEC9294BBEB84A40', '2026-02-18 22:09:56+00', '3', '178737404', 'Grass-snake', '11321493', NULL, NULL, NULL, NULL, NULL, 'garage', NULL, NULL, NULL, NULL, NULL, NULL, NULL, NULL, NULL);
INSERT INTO public.buildings VALUES (11, '0106000020E61000000100000001030000000100000005000000C1745AB74120494095D233BDC4B84A40D1634ADA43204940660C18C9C3B84A408FE44DD94420494084674293C4B84A407FF55DB642204940B32D5E87C5B84A40C1745AB74120494095D233BDC4B84A40', '2026-02-18 22:09:56+00', '3', '178737404', 'Grass-snake', '11321493', NULL, NULL, NULL, NULL, NULL, 'garage', NULL, NULL, NULL, NULL, NULL, NULL, NULL, NULL, NULL);


--
-- Data for Name: roads; Type: TABLE DATA; Schema: public; Owner: -
--

INSERT INTO public.roads VALUES ('11321493', 'service', NULL, NULL, 'grade1', '0105000020E6100000010000000102000000040000009384E9205420494084471B47ACB84A40A43094B83320494059F38876BAB84A400A0A28791A20494024CF9AC4C5B84A406DA00AC91320494099976835C9B84A40', 1);
INSERT INTO public.roads VALUES ('1860634', 'service', NULL, NULL, 'grade1', '0105000020E61000000100000001020000001200000014927131AB204940D38ACAE1EEB84A40F35DA516A52049400E130D52F0B84A40971128AC9E20494085D3DDD0EFB84A4000DB0B169820494093BB197FECB84A40FD63C68091204940A1A3552DE9B84A40BC9CC88278204940C7A58526E4B84A40028A4798582049405F358584DEB84A40D0CA62073A20494079EB5795D8B84A40B140AA1732204940FD2BD093D7B84A40274EEE77282049401DE15927D3B84A40439A67DB1F204940AF3D586BCDB84A40AC4FDE6C18204940B6D8EDB3CAB84A406DA00AC91320494099976835C9B84A4096F0DF17F21F49405A023ADDC3B84A402AE9BC21E81F4940DE5C5727C2B84A4071D9322ABA1F4940E8514C39BAB84A40CD04C3B9861F49403ADF991AB2B84A40E8EAD852511F4940EB8EC536A9B84A40', 2);
INSERT INTO public.roads VALUES ('11321493', 'service', NULL, NULL, 'grade1', '0105000020E6100000010000000102000000040000009384E9205420494084471B47ACB84A40A43094B83320494059F38876BAB84A400A0A28791A20494024CF9AC4C5B84A406DA00AC91320494099976835C9B84A40', 3);


--
-- Data for Name: spatial_ref_sys; Type: TABLE DATA; Schema: public; Owner: -
--



--
-- Data for Name: tmp_layer; Type: TABLE DATA; Schema: public; Owner: -
--

INSERT INTO public.tmp_layer VALUES (1, '\x0106000000010000000103000000010000007e0000004c546f0d6c1e4940643bdf4f8db74a40dfbaacd3921e4940c32ee5d76ab74a40a3416557b51e494096911f9672b74a40e3a9471adc1e494015d6d70462b74a40e04735ecf71e49408bdaa2714db74a40dcfe4b080c1f49403325485b4bb74a40aff1f4a5121f49405d0652184ab74a4025da9fd5131f49400f91e4034cb74a40af05627e131f49407110638852b74a4008db9953131f494091fc773359b74a409cc24a05151f4940b2648ee55db74a4033558be31b1f494018a600625cb74a40c89e98501c1f4940af777fbc57b74a407338a91e1f1f49407b336abe4ab74a40a951a3eb1d1f49408834852925b74a4074d190f1281f4940884e2a7524b74a40e44a3d0b421f4940d6a9f23d23b74a40069733805c1f4940ed80eb8a19b74a40582547f0751f49406a74bd2319b74a40f9e010058e1f49408b60d2ce1fb74a40c5c89239961f4940d9b0a6b228b74a40ec63aa059b1f494020741ab336b74a405d05e7429b1f4940f5786baa38b74a407483fcc79d1f49403c399e2a3ab74a4057659588a61f49406caf05bd37b74a40da159fa7a61f49403305210f33b74a407391312da01f4940e8b8bf1f23b74a4045f46beba71f4940e5f9c21a1db74a40843f68e2c21f4940d455cbe726b74a405320b3b3e81f494043b74da72bb74a40977d0d77e41f4940b0fb33283fb74a401a3ad109fc1f4940f93da0223db74a40e41c2be741204940a29174722bb74a40d2d9136e43204940dc662ac423b74a404e2c4bcf4f204940e32fd23021b74a4089a02067502049401938a0a52bb74a40d4981073492049404057b66a32b74a40616f62484e204940ad3c372339b74a40edcfea8953204940c42863d751b74a40d50eda0649204940a3810ea958b74a40e36cdf4845204940a2197a7a5bb74a4015e2917879204940c5200b2cdbb74a40c3d842908320494041c0b56edeb74a40b4f688e29f204940bb48fce5eeb74a40359b221ba320494033e43334f9b74a4097f782609f2049403079a8120ab84a4053e2df0ca32049409675a49f15b84a405b21510da02049405951836918b84a404126be7f98204940342db1321ab84a4087eea36483204940b32cf3b116b84a40469737876b20494087985cd60eb84a407403aa245720494012bc218d0ab84a401f51fc732c204940aa036a7b05b84a40995f72480f204940116e32aa0cb84a40f783cb74f91f49404cdccfce0eb84a40dc28571dde1f4940116e32aa0cb84a40c22ff5f3a61f4940de6c18aa07b84a4079bdeab7651f4940317fe08508b84a40d372fb404d1f4940cd075ff305b84a402ce9cd4d401f494075e5b33c0fb84a40b7d8486d3d1f4940fbf8951815b84a40c0b6d9b3421f4940f4b9241818b84a404ee4935f501f4940aa436e861bb84a4062d1be034d1f49403085628621b84a40139b8f6b431f494022ab5b3d27b84a40bb86cf8c341f49404d3ff2182fb84a40b7d8486d3d1f4940a20a7f8637b84a402bb8c4364e1f4940dd4a0a8739b84a4024e76965671f4940d380e61835b84a404b8050cd9b1f4940f3bfa61831b84a40fd78f9e7b31f494091a8065042b84a407e062f55c41f49402d00321933b84a409961a3acdf1f4940991249f432b84a40a4703d0ad71f49409fb3603d49b84a401002976ce11f494014beadaa4db84a4026f103a1062049409a722abe46b84a402b8e5e6809204940f0b03f3f42b84a408af2bb9f092049400d5f155e38b84a402e51627c3d2049403c7e141a2db84a40bb9d7de54120494089bc40a43ab84a40230e7e8747204940da0418963fb84a40417859b851204940dbb463343cb84a400e7a8038592049401f5a756737b84a40d0b4c4ca682049407c7bd7a02fb84a401fd7868a7120494090decbd82bb84a40751e15ff77204940144d56fb2ab84a4022b3695b8320494005bb062230b84a405d9d088783204940310d1e0137b84a40930e208d542049400c65975e51b84a40fc05161b4e204940d88e988f5ab84a409230c2ca57204940877d4cb560b84a4087d1bd987720494046a5225f53b84a403bfb6fca812049402fd0a40348b84a409bedc0ef95204940d4a304583fb84a40f990a630a5204940b0f2ba3434b84a4089b72979d0204940e3f49ac35ab84a405f78ca0f01214940baefbd6488b84a408884effd0d214940d81cd60a89b84a40aea305c314214940aa3418d984b84a40997917940e2149407100fdbe7fb84a406b042c03182149405c5a0d897bb84a408d4de1f725214940b081be3e84b84a40c3e96ee877214940c3ed75f7a5b84a406a8fcd44c7214940d5bac3dca4b84a40c7551b52fb2149406e4617e5e3b84a4018867e5cd1214940bd152e50f7b84a40e8a969728c2149403cd3f0d2f2b84a4037d60ffb4e214940b1be26101bb94a4039a16bbaf92049405a97bfe72cb94a40d586d4fe182149404982700514b94a4018f2632717214940c3ef4ba203b94a406efd4f59a8204940cb45216ef3b84a40e5cef17629204940f74086e9d6b84a40f8b2a3271b2049407f8ba94fcdb84a4047212466511f49406d67a906abb84a40fd92437a401f494070ca81c3b0b84a4075f574bf541e494058bb37d08db84a4054d0a398721e4940c54840964fb84a40d61bb5c2f41d49407330f6b935b84a40ad742d10f31d49408a07ef062cb84a40efdcc545ff1d4940d5d97f530eb84a40bca074d8331e494023b3c414f6b74a40d964e833fb1d49400f12fd35b4b74a40fde373dd4a1e4940c70b8e379eb74a40b414da835a1e494080e9fefb9db74a404c546f0d6c1e4940643bdf4f8db74a40', '2023-08-25 15:37:49+00', '5', '140378557', 'user_10527108', '10527108', NULL, NULL, NULL, NULL, NULL, NULL, NULL, NULL, NULL, 'allotments', 'Сокские Зори', NULL, NULL, NULL, 'way/229736404');
INSERT INTO public.tmp_layer VALUES (2, '\x01060000000100000001030000000100000007000000fc1301f3351f494037aeda90dab84a40f3412a20481f4940517d8c5eb2b84a4004b05cca541f49406734a8ecaab84a40f92ea52e19204940b4cc7dcdcdb84a401c4a48ff262049402ea23726d5b84a400c5e4fcf1620494071e9f3acffb84a40fc1301f3351f494037aeda90dab84a40', '2017-11-11 16:27:23+00', '2', '53694646', 'komuto', '6823882', NULL, NULL, NULL, NULL, NULL, NULL, NULL, NULL, NULL, 'orchard', NULL, 'Bing', NULL, 'apple_trees', 'way/232897119');
INSERT INTO public.tmp_layer VALUES (3, '\x01060000000100000001030000000100000005000000e0f2583332204940883b2872d2b84a40ebf0c63835204940fae29c22d1b84a40f6acb54137204940530ec1ccd2b84a40ebae473c34204940e1664c1cd4b84a40e0f2583332204940883b2872d2b84a40', '2026-02-26 19:20:44+00', '5', '179100634', 'Gironape', '23837831', 'Красноярский район', '55', 'СТ Сокские Зори', '446368', '4-й Массив', 'yes', '2', NULL, NULL, NULL, NULL, NULL, NULL, NULL, 'way/1479815538');
INSERT INTO public.tmp_layer VALUES (4, '\x01060000000100000001030000000100000005000000f9653046242049400d93043cc4b84a40f7f763a4282049401fa80991c2b84a4025146c6d2b204940425e0f26c5b84a40bc410f1027204940c408e1d1c6b84a40f9653046242049400d93043cc4b84a40', '2026-02-26 19:20:44+00', '5', '179100634', 'Gironape', '23837831', 'Красноярский район', '57', 'СТ Сокские Зори', '446368', '4-й Массив', 'house', '2', NULL, NULL, NULL, NULL, NULL, NULL, NULL, 'way/1479815539');
INSERT INTO public.tmp_layer VALUES (5, '\x01060000000100000001030000000100000007000000b19cce5f32204940c7061c53c1b84a406e8d637f34204940a97ddf64c0b84a40143c2aa336204940a3a0ca1fc2b84a4045285bc93320494025c1655fc3b84a400a2a4fc53220494037ead78cc2b84a40868db27e33204940d252793bc2b84a40b19cce5f32204940c7061c53c1b84a40', '2026-02-26 19:20:44+00', '5', '179100634', 'Gironape', '23837831', 'Красноярский район', '30', 'СТ Сокские Зори', '446368', '4-й Массив', 'house', '2', NULL, NULL, NULL, NULL, NULL, NULL, NULL, 'way/1479815540');
INSERT INTO public.tmp_layer VALUES (6, '\x010600000001000000010300000001000000050000007e761b2f3820494000b10001c6b84a40d03af4273b20494078b988efc4b84a40938c9c853d20494029ce5147c7b84a40ac08ed8b3a2049401c06f357c8b84a407e761b2f3820494000b10001c6b84a40', '2026-02-26 19:20:44+00', '5', '179100634', 'Gironape', '23837831', 'Красноярский район', '4/28', 'СТ Сокские Зори', '446368', '4-й Массив', 'house', '1', NULL, NULL, NULL, NULL, NULL, NULL, NULL, 'way/1479815541');
INSERT INTO public.tmp_layer VALUES (7, '\x0106000000010000000103000000010000000500000061dcb2e842204940489a8933d0b84a407d03931b452049407ee19524cfb84a40ca52ebfd4620494000304388d0b84a40ad2b0bcb44204940cae83697d1b84a4061dcb2e842204940489a8933d0b84a40', '2026-02-26 19:20:44+00', '5', '179100634', 'Gironape', '23837831', 'Красноярский район', '26', 'СТ Сокские Зори', '446368', '4-й Массив', 'yes', '1', NULL, NULL, NULL, NULL, NULL, NULL, NULL, 'way/1479815542');
INSERT INTO public.tmp_layer VALUES (8, '\x010600000001000000010300000001000000070000000d03f11538204940dbcb6c46bcb84a4006cab788392049402f127fb9bbb84a401997056e3820494035d5eeb2bab84a40be17ba6d3a204940bf767aefb9b84a402ef53d343d2049404c6da983bcb84a408fadc2c1392049406f850bd4bdb84a400d03f11538204940dbcb6c46bcb84a40', '2026-02-26 19:20:44+00', '5', '179100634', 'Gironape', '23837831', 'Красноярский район', '33', 'СТ Сокские Зори', '446368', '4-й Массив', 'house', '2', NULL, NULL, NULL, NULL, NULL, NULL, NULL, 'way/1479815543');
INSERT INTO public.tmp_layer VALUES (9, '\x01060000000100000001030000000100000005000000c56460d339204940fec9294bbeb84a406556ef703b2049405d1a1aaabdb84a40c9b9032b3d204940da91ea3bbfb84a40be874b8e3b2049407a41fadcbfb84a40c56460d339204940fec9294bbeb84a40', '2026-02-18 18:09:56+00', '3', '178737404', 'Grass-snake', '11321493', NULL, NULL, NULL, NULL, NULL, 'garage', NULL, '2', NULL, NULL, NULL, NULL, NULL, NULL, 'way/1479815544');
INSERT INTO public.tmp_layer VALUES (10, '\x010600000001000000010300000001000000050000007a5803ef3f20494073309b00c3b84a40d8e43ad741204940ea944737c2b84a40dee3f159432049404f6e2585c3b84a407f57ba7141204940424aa24dc4b84a407a5803ef3f20494073309b00c3b84a40', '2026-02-26 19:20:44+00', '5', '179100634', 'Gironape', '23837831', 'Красноярский район', '31', 'СТ Сокские Зори', '446368', '4-й Массив', 'house', '1', NULL, NULL, NULL, NULL, NULL, NULL, NULL, 'way/1479815545');
INSERT INTO public.tmp_layer VALUES (11, '\x01060000000100000001030000000100000005000000c1745ab74120494095d233bdc4b84a40d1634ada43204940660c18c9c3b84a408fe44dd94420494084674293c4b84a407ff55db642204940b32d5e87c5b84a40c1745ab74120494095d233bdc4b84a40', '2026-02-18 18:09:56+00', '3', '178737404', 'Grass-snake', '11321493', NULL, NULL, NULL, NULL, NULL, 'garage', NULL, '2', NULL, NULL, NULL, NULL, NULL, NULL, 'way/1479815546');
INSERT INTO public.tmp_layer VALUES (12, '\x01060000000100000001030000000100000005000000651de9674520494011ba956fc7b84a407cc9101148204940ace0b721c6b84a40bc22f8df4a20494023ddcf29c8b84a40a576d0364820494087b6ad77c9b84a40651de9674520494011ba956fc7b84a40', '2026-02-26 19:20:44+00', '5', '179100634', 'Gironape', '23837831', 'Красноярский район', '29', 'СТ Сокские Зори', '446368', '4-й Массив', 'house', '2', NULL, NULL, NULL, NULL, NULL, NULL, NULL, 'way/1479815547');
INSERT INTO public.tmp_layer VALUES (13, '\x01060000000100000001030000000100000005000000750069a44a204940fdc63258ccb84a401434773e4d204940575aeb30cbb84a4096687f564f204940d904bddcccb84a40f73471bc4c2049407f710404ceb84a40750069a44a204940fdc63258ccb84a40', '2026-02-26 19:20:44+00', '5', '179100634', 'Gironape', '23837831', 'Красноярский район', '27', 'СТ Сокские Зори', '446368', '4-й Массив', 'house', '1', NULL, NULL, NULL, NULL, NULL, NULL, NULL, 'way/1479815548');
INSERT INTO public.tmp_layer VALUES (14, '\x01060000000100000001030000000100000005000000775d09ee512049404e57c1b9d0b84a40f8776cba54204940f587c157cfb84a40f1248ee15620494060c2b2e3d0b84a40700a2b1554204940b891b245d2b84a40775d09ee512049404e57c1b9d0b84a40', '2026-02-26 19:20:44+00', '5', '179100634', 'Gironape', '23837831', 'Красноярский район', '25', 'СТ Сокские Зори', '446368', '4-й Массив', 'house', '1', NULL, NULL, NULL, NULL, NULL, NULL, NULL, 'way/1479815549');
INSERT INTO public.tmp_layer VALUES (15, '\x010600000001000000010300000001000000050000001be3795f4b2049406e5d7bb0d6b84a40aede97e94d20494075f2d885d5b84a40f55613fa4f20494098665f1ed7b84a40615bf56f4d20494091d10149d8b84a401be3795f4b2049406e5d7bb0d6b84a40', '2026-02-26 19:20:44+00', '5', '179100634', 'Gironape', '23837831', 'Красноярский район', '22', 'СТ Сокские Зори', '446368', '4-й Массив', 'house', '2', NULL, NULL, NULL, NULL, NULL, NULL, NULL, 'way/1479815550');
INSERT INTO public.tmp_layer VALUES (16, '\x010500000001000000010200000004000000c306b06df61f4940120c31a880b84a40a43094b83320494059f38876bab84a402161736957204940fcdde0b0d9b84a40028a4798582049405f358584deb84a40', '2026-02-18 18:09:56+00', '5', '178737404', 'Grass-snake', '11321493', NULL, NULL, NULL, NULL, NULL, NULL, NULL, NULL, 'service', NULL, NULL, NULL, 'grade1', NULL, 'way/30575757');
INSERT INTO public.tmp_layer VALUES (17, '\x01050000000100000001020000001200000014927131ab204940d38acae1eeb84a40f35da516a52049400e130d52f0b84a40971128ac9e20494085d3ddd0efb84a4000db0b169820494093bb197fecb84a40fd63c68091204940a1a3552de9b84a40bc9cc88278204940c7a58526e4b84a40028a4798582049405f358584deb84a40d0ca62073a20494079eb5795d8b84a40b140aa1732204940fd2bd093d7b84a40274eee77282049401de15927d3b84a40439a67db1f204940af3d586bcdb84a40ac4fde6c18204940b6d8edb3cab84a406da00ac91320494099976835c9b84a4096f0df17f21f49405a023addc3b84a402ae9bc21e81f4940de5c5727c2b84a4071d9322aba1f4940e8514c39bab84a40cd04c3b9861f49403adf991ab2b84a40e8ead852511f4940eb8ec536a9b84a40', '2020-01-28 05:11:33+00', '3', '80172601', 'lamax', '1860634', NULL, NULL, NULL, NULL, NULL, NULL, NULL, NULL, 'service', NULL, NULL, NULL, 'grade1', NULL, 'way/30575758');
INSERT INTO public.tmp_layer VALUES (18, '\x0105000000010000000102000000040000009384e9205420494084471b47acb84a40a43094b83320494059f38876bab84a400a0a28791a20494024cf9ac4c5b84a406da00ac91320494099976835c9b84a40', '2026-02-18 18:09:56+00', '2', '178737404', 'Grass-snake', '11321493', NULL, NULL, NULL, NULL, NULL, NULL, NULL, NULL, 'service', NULL, NULL, NULL, 'grade1', NULL, 'way/1479991269');


--
-- Data for Name: vegetation; Type: TABLE DATA; Schema: public; Owner: -
--

INSERT INTO public.vegetation VALUES ('10527108', 'Сокские Зори', 'allotments', NULL, NULL, '0106000020E6100000010000000103000000010000007E0000004C546F0D6C1E4940643BDF4F8DB74A40DFBAACD3921E4940C32EE5D76AB74A40A3416557B51E494096911F9672B74A40E3A9471ADC1E494015D6D70462B74A40E04735ECF71E49408BDAA2714DB74A40DCFE4B080C1F49403325485B4BB74A40AFF1F4A5121F49405D0652184AB74A4025DA9FD5131F49400F91E4034CB74A40AF05627E131F49407110638852B74A4008DB9953131F494091FC773359B74A409CC24A05151F4940B2648EE55DB74A4033558BE31B1F494018A600625CB74A40C89E98501C1F4940AF777FBC57B74A407338A91E1F1F49407B336ABE4AB74A40A951A3EB1D1F49408834852925B74A4074D190F1281F4940884E2A7524B74A40E44A3D0B421F4940D6A9F23D23B74A40069733805C1F4940ED80EB8A19B74A40582547F0751F49406A74BD2319B74A40F9E010058E1F49408B60D2CE1FB74A40C5C89239961F4940D9B0A6B228B74A40EC63AA059B1F494020741AB336B74A405D05E7429B1F4940F5786BAA38B74A407483FCC79D1F49403C399E2A3AB74A4057659588A61F49406CAF05BD37B74A40DA159FA7A61F49403305210F33B74A407391312DA01F4940E8B8BF1F23B74A4045F46BEBA71F4940E5F9C21A1DB74A40843F68E2C21F4940D455CBE726B74A405320B3B3E81F494043B74DA72BB74A40977D0D77E41F4940B0FB33283FB74A401A3AD109FC1F4940F93DA0223DB74A40E41C2BE741204940A29174722BB74A40D2D9136E43204940DC662AC423B74A404E2C4BCF4F204940E32FD23021B74A4089A02067502049401938A0A52BB74A40D4981073492049404057B66A32B74A40616F62484E204940AD3C372339B74A40EDCFEA8953204940C42863D751B74A40D50EDA0649204940A3810EA958B74A40E36CDF4845204940A2197A7A5BB74A4015E2917879204940C5200B2CDBB74A40C3D842908320494041C0B56EDEB74A40B4F688E29F204940BB48FCE5EEB74A40359B221BA320494033E43334F9B74A4097F782609F2049403079A8120AB84A4053E2DF0CA32049409675A49F15B84A405B21510DA02049405951836918B84A404126BE7F98204940342DB1321AB84A4087EEA36483204940B32CF3B116B84A40469737876B20494087985CD60EB84A407403AA245720494012BC218D0AB84A401F51FC732C204940AA036A7B05B84A40995F72480F204940116E32AA0CB84A40F783CB74F91F49404CDCCFCE0EB84A40DC28571DDE1F4940116E32AA0CB84A40C22FF5F3A61F4940DE6C18AA07B84A4079BDEAB7651F4940317FE08508B84A40D372FB404D1F4940CD075FF305B84A402CE9CD4D401F494075E5B33C0FB84A40B7D8486D3D1F4940FBF8951815B84A40C0B6D9B3421F4940F4B9241818B84A404EE4935F501F4940AA436E861BB84A4062D1BE034D1F49403085628621B84A40139B8F6B431F494022AB5B3D27B84A40BB86CF8C341F49404D3FF2182FB84A40B7D8486D3D1F4940A20A7F8637B84A402BB8C4364E1F4940DD4A0A8739B84A4024E76965671F4940D380E61835B84A404B8050CD9B1F4940F3BFA61831B84A40FD78F9E7B31F494091A8065042B84A407E062F55C41F49402D00321933B84A409961A3ACDF1F4940991249F432B84A40A4703D0AD71F49409FB3603D49B84A401002976CE11F494014BEADAA4DB84A4026F103A1062049409A722ABE46B84A402B8E5E6809204940F0B03F3F42B84A408AF2BB9F092049400D5F155E38B84A402E51627C3D2049403C7E141A2DB84A40BB9D7DE54120494089BC40A43AB84A40230E7E8747204940DA0418963FB84A40417859B851204940DBB463343CB84A400E7A8038592049401F5A756737B84A40D0B4C4CA682049407C7BD7A02FB84A401FD7868A7120494090DECBD82BB84A40751E15FF77204940144D56FB2AB84A4022B3695B8320494005BB062230B84A405D9D088783204940310D1E0137B84A40930E208D542049400C65975E51B84A40FC05161B4E204940D88E988F5AB84A409230C2CA57204940877D4CB560B84A4087D1BD987720494046A5225F53B84A403BFB6FCA812049402FD0A40348B84A409BEDC0EF95204940D4A304583FB84A40F990A630A5204940B0F2BA3434B84A4089B72979D0204940E3F49AC35AB84A405F78CA0F01214940BAEFBD6488B84A408884EFFD0D214940D81CD60A89B84A40AEA305C314214940AA3418D984B84A40997917940E2149407100FDBE7FB84A406B042C03182149405C5A0D897BB84A408D4DE1F725214940B081BE3E84B84A40C3E96EE877214940C3ED75F7A5B84A406A8FCD44C7214940D5BAC3DCA4B84A40C7551B52FB2149406E4617E5E3B84A4018867E5CD1214940BD152E50F7B84A40E8A969728C2149403CD3F0D2F2B84A4037D60FFB4E214940B1BE26101BB94A4039A16BBAF92049405A97BFE72CB94A40D586D4FE182149404982700514B94A4018F2632717214940C3EF4BA203B94A406EFD4F59A8204940CB45216EF3B84A40E5CEF17629204940F74086E9D6B84A40F8B2A3271B2049407F8BA94FCDB84A4047212466511F49406D67A906ABB84A40FD92437A401F494070CA81C3B0B84A4075F574BF541E494058BB37D08DB84A4054D0A398721E4940C54840964FB84A40D61BB5C2F41D49407330F6B935B84A40AD742D10F31D49408A07EF062CB84A40EFDCC545FF1D4940D5D97F530EB84A40BCA074D8331E494023B3C414F6B74A40D964E833FB1D49400F12FD35B4B74A40FDE373DD4A1E4940C70B8E379EB74A40B414DA835A1E494080E9FEFB9DB74A404C546F0D6C1E4940643BDF4F8DB74A40', 1);
INSERT INTO public.vegetation VALUES ('6823882', NULL, 'orchard', 'apple_trees', 'Bing', '0106000020E61000000100000001030000000100000007000000FC1301F3351F494037AEDA90DAB84A40F3412A20481F4940517D8C5EB2B84A4004B05CCA541F49406734A8ECAAB84A40F92EA52E19204940B4CC7DCDCDB84A401C4A48FF262049402EA23726D5B84A400C5E4FCF1620494071E9F3ACFFB84A40FC1301F3351F494037AEDA90DAB84A40', 2);


--
-- Name: metadata_id_seq; Type: SEQUENCE SET; Schema: ogr_system_tables; Owner: -
--

SELECT pg_catalog.setval('ogr_system_tables.metadata_id_seq', 2, true);


--
-- Name: buildings_ogc_fid_seq; Type: SEQUENCE SET; Schema: public; Owner: -
--

SELECT pg_catalog.setval('public.buildings_ogc_fid_seq', 18, true);


--
-- Name: roads_id_seq; Type: SEQUENCE SET; Schema: public; Owner: -
--

SELECT pg_catalog.setval('public.roads_id_seq', 3, true);


--
-- Name: tmp_layer_ogc_fid_seq; Type: SEQUENCE SET; Schema: public; Owner: -
--

SELECT pg_catalog.setval('public.tmp_layer_ogc_fid_seq', 18, true);


--
-- Name: vegetation_id_seq; Type: SEQUENCE SET; Schema: public; Owner: -
--

SELECT pg_catalog.setval('public.vegetation_id_seq', 2, true);


--
-- Name: metadata metadata_schema_name_table_name_key; Type: CONSTRAINT; Schema: ogr_system_tables; Owner: -
--

ALTER TABLE ONLY ogr_system_tables.metadata
    ADD CONSTRAINT metadata_schema_name_table_name_key UNIQUE (schema_name, table_name);


--
-- Name: buildings buildings_pkey; Type: CONSTRAINT; Schema: public; Owner: -
--

ALTER TABLE ONLY public.buildings
    ADD CONSTRAINT buildings_pkey PRIMARY KEY (ogc_fid);


--
-- Name: roads roads_pkey; Type: CONSTRAINT; Schema: public; Owner: -
--

ALTER TABLE ONLY public.roads
    ADD CONSTRAINT roads_pkey PRIMARY KEY (id);


--
-- Name: tmp_layer tmp_layer_pkey; Type: CONSTRAINT; Schema: public; Owner: -
--

ALTER TABLE ONLY public.tmp_layer
    ADD CONSTRAINT tmp_layer_pkey PRIMARY KEY (ogc_fid);


--
-- Name: vegetation vegetation_pkey; Type: CONSTRAINT; Schema: public; Owner: -
--

ALTER TABLE ONLY public.vegetation
    ADD CONSTRAINT vegetation_pkey PRIMARY KEY (id);


--
-- Name: buildings_geom_geom_idx; Type: INDEX; Schema: public; Owner: -
--

CREATE INDEX buildings_geom_geom_idx ON public.buildings USING gist (geom);


--
-- Name: idx_roads_geom; Type: INDEX; Schema: public; Owner: -
--

CREATE INDEX idx_roads_geom ON public.roads USING gist (geom);


--
-- Name: idx_vegetation_geom; Type: INDEX; Schema: public; Owner: -
--

CREATE INDEX idx_vegetation_geom ON public.vegetation USING gist (geom);


--
-- Name: ogr_system_tables_event_trigger_for_metadata; Type: EVENT TRIGGER; Schema: -; Owner: -
--

CREATE EVENT TRIGGER ogr_system_tables_event_trigger_for_metadata ON sql_drop
   EXECUTE FUNCTION ogr_system_tables.event_trigger_function_for_metadata();


--
-- PostgreSQL database dump complete
--

